lactation,delivery_age_years,dim,dry_days,forage_kg_day,rumination_min_day,milk_kg_day,milk_kg_min_robot,milkings_day,errors_by_100_milkings,high_cdt_by_100_milkings,watery_by_100_milkings,refusals_by_milking,colostrum_separated_kg
7,7.75,414,56.0,4.31091787439613,434.814009661836,34.0823671497585,3.69569892473118,2.47826086956522,2.04678362573099,0.0,0.0,0.0779727095516569,0.0
8,9.08333333333333,357,78.0,4.16708683473389,589.5,36.1708683473389,4.02416452442159,2.17647058823529,0.900900900900901,0.0,0.0,0.0141570141570142,0.0
6,7.66666666666667,315,69.0,4.90333333333333,542.577777777778,43.371746031746,2.71525198938992,2.38730158730159,1.06382978723404,0.0,0.132978723404255,0.0452127659574468,12.8
7,8.66666666666667,362,69.0,4.29472375690608,628.371900826446,41.6831491712707,2.73329145728643,2.19337016574586,1.7632241813602,0.0,0.0,0.061712846347607,16.2
5,6.5,427,58.0,4.79861826697892,479.334112149533,37.916393442623,1.88860759493671,3.14285714285714,0.745156482861401,0.0,0.0,0.444858420268256,20.2
6,7.91666666666667,359,77.0,5.09264623955432,534.011111111111,44.2880222841226,2.23943377148635,2.75487465181059,1.314459049545,0.0,0.0,0.0829120323559151,14.4
5,6.83333333333333,320,69.0,4.8580625,543.697819314642,45.4434375,3.45882352941176,2.44375,1.0230179028133,0.0,0.0,0.0588235294117647,0.0
6,7.83333333333333,336,58.0,4.47866071428571,610.554896142433,45.1068452380952,3.60723350253807,2.34821428571429,0.760456273764259,0.0,0.0,0.0836501901140684,29.8
4,5.83333333333333,373,71.0,5.32490616621984,434.320855614973,42.9707774798928,2.41864801864802,3.44235924932976,0.0,0.0,0.0778816199376947,0.408878504672897,47.0
5,7.0,298,62.0,5.68080536912752,556.604026845638,47.4855704697987,2.35293056807935,3.71812080536913,0.0,0.451263537906137,0.0,0.326714801444043,9.4
4,5.08333333333333,276,61.0,5.14090579710145,475.635379061372,40.3253623188406,3.81989795918367,3.55797101449275,0.814663951120163,0.712830957230143,0.0,0.395112016293279,17.2
5,6.0,363,72.0,4.76159779614325,548.934065934066,36.9727272727273,3.64440298507463,2.94214876033058,0.374531835205993,3.37078651685393,0.0,0.141385767790262,43.9
6,7.25,294,76.0,4.00190476190476,567.31186440678,38.8224489795918,3.5210407239819,3.01020408163265,1.92090395480226,13.3333333333333,2.93785310734463,0.11638418079096,30.1
4,5.0,288,64.0,5.74586805555556,427.865051903114,47.1510416666667,4.00228452751817,3.32986111111111,0.417101147028154,0.104275286757039,0.0,0.117831074035454,0.0
4,5.75,369,70.0,4.63181571815718,564.94054054054,47.7571815718157,3.18214716525935,2.24119241192412,0.0,0.120918984280532,0.0,0.0241837968561064,34.5
5,7.0,317,71.0,4.15864353312303,579.078616352201,52.805047318612,3.19597222222222,2.27444794952681,0.0,0.0,0.277392510402219,0.0208044382801664,66.7
4,4.75,250,47.0,3.01464,438.03187250996,15.3556,1.11438515081207,3.472,1.15207373271889,0.0,0.0,0.587557603686636,0.0
5,5.75,287,85.0,5.40090592334495,571.184027777778,43.9219512195122,1.87134935304991,3.77351916376307,0.646352723915051,0.0,0.0,0.356417359187442,0.0
6,6.66666666666667,371,58.0,4.66207547169811,584.663978494624,42.9819407008086,2.06960249415433,3.46091644204852,0.545171339563863,0.0,0.0,0.225856697819315,63.2
3,4.41666666666667,320,22.0,4.4164375,382.034267912773,32.3859375,3.32470588235294,3.453125,0.81447963800905,0.0,0.0,0.380090497737557,47.8
4,5.5,338,76.0,5.59301775147929,491.77581120944,44.796449704142,3.67714048212801,3.55621301775148,3.24459234608985,1.08153078202995,3.82695507487521,0.217970049916805,2.2
4,4.83333333333333,340,84.0,4.65885294117647,506.392961876833,37.0970588235294,3.75351787773933,2.59705882352941,0.0,0.0,0.0,0.116647791619479,8.1
5,6.0,308,75.0,4.49340909090909,521.967637540453,39.2899350649351,3.83845144356955,2.50324675324675,0.0,0.0,0.0,0.0635538261997406,0.0
4,5.0,384,112.0,4.33276041666667,489.322077922078,37.0885416666667,4.34078014184397,2.23177083333333,4.66744457409568,0.0,0.0,0.0455075845974329,0.0
5,6.16666666666667,393,68.0,3.46358778625954,476.883248730964,33.6867684478371,3.44426787741203,2.24936386768448,2.71493212669683,4.41176470588235,0.0,0.0407239819004525,28.3
3,4.16666666666667,372,71.0,5.42951612903226,515.195710455764,47.3309139784946,3.62082429501085,2.47043010752688,0.0,0.0,0.0,0.0206746463547334,0.0
4,5.33333333333333,285,76.0,4.66824561403509,583.01048951049,51.2971929824561,3.84318529862175,2.28771929824561,0.306748466257669,7.66871165644172,1.68711656441718,0.00920245398773,17.2
5,6.33333333333333,299,68.0,3.10454849498328,536.466666666667,37.2066889632107,3.06428571428571,2.10367892976589,0.0,0.158982511923688,0.0,0.0111287758346582,0.0
3,4.0,285,47.0,4.97501754385965,513.199300699301,40.4964912280702,3.07689075630252,2.49824561403509,0.561797752808989,0.0,0.0,0.0337078651685393,0.0
4,4.91666666666667,297,64.0,4.60451178451178,571.946308724832,44.079797979798,3.34398826979472,2.28282828282828,0.147492625368732,0.0,0.0,0.0324483775811209,8.3
5,5.91666666666667,337,69.0,4.06370919881306,573.452662721893,43.4768545994065,3.28890306122449,2.31750741839763,0.128040973111396,0.128040973111396,0.640204865556978,0.029449423815621,13.0
3,4.0,278,54.0,4.82758992805755,510.225806451613,39.7413669064748,2.91650793650794,2.26618705035971,0.0,0.0,0.0,0.0333333333333333,33.4
4,4.91666666666667,361,72.0,4.9217728531856,589.162983425414,44.3434903047091,3.02467248908297,2.53462603878116,0.0,0.0,0.0,0.0284153005464481,51.0
3,3.75,389,52.0,4.51503856041131,496.771794871795,35.8362467866324,1.52698275862069,2.98971722365039,0.0,0.0,0.0,0.514187446259673,31.4
4,5.0,292,66.0,5.58633561643836,565.638225255973,47.979794520548,1.52877005347594,3.1986301369863,0.0,0.0,0.0,0.253747323340471,36.3
5,6.0,321,60.0,4.09507788161994,569.931464174455,44.6750778816199,1.66822541966427,2.60436137071651,0.0,0.0,0.0,0.0980861244019139,50.0
3,4.0,283,62.0,5.89547703180212,474.683098591549,47.6473498233216,2.96602357984995,3.30035335689046,0.856531049250535,0.0,0.0,0.223768736616702,48.0
4,5.0,329,64.0,5.62337386018237,526.760606060606,48.4075987841945,3.14071499503476,3.05775075987842,0.298210735586481,0.0,0.0,0.133200795228628,10.7
5,6.08333333333333,280,68.0,4.20496428571429,471.448398576512,46.7482142857143,3.1387448840382,2.61428571428571,0.819672131147541,0.0,0.0,0.0505464480874317,39.8
3,3.91666666666667,298,66.0,4.71540268456376,467.160535117057,37.0889261744966,2.27944664031621,2.54026845637584,0.132100396301189,0.0,0.0,0.0739762219286658,42.6
2,3.83333333333333,329,64.0,5.48352583586626,432.048484848485,43.9641337386018,1.88724082934609,3.8145896656535,0.0,0.0,0.0,1.45258964143426,6.2
3,4.91666666666667,590,61.0,4.92720338983051,479.147208121827,43.6084745762712,2.07146426786607,3.39152542372881,0.0,0.0,0.0,0.557221389305347,20.1
2,3.33333333333333,307,62.0,4.925667752443,487.651465798046,39.1355048859935,1.90358102059087,3.69381107491857,2.82186948853616,0.0,0.0,0.76278659611993,0.0
3,4.33333333333333,317,67.0,5.20902208201893,533.647798742138,42.4725552050473,2.05784408084697,3.28391167192429,1.44092219020173,0.0,0.0,0.311239193083574,36.9
4,5.41666666666667,295,72.0,4.32569491525424,535.874576271186,44.3050847457627,2.19803921568627,2.93559322033898,1.38568129330254,0.0,0.0,0.163972286374134,48.7
3,4.25,307,74.0,4.82925081433225,552.211038961039,40.4387622149837,2.62260101010101,2.57328990228013,0.253164556962025,0.0,0.0,0.0772151898734177,0.0
4,5.33333333333333,313,64.0,4.85463258785942,574.06050955414,48.4869009584664,2.70915492957746,2.71565495207668,0.941176470588235,0.0,0.0,0.0847058823529412,29.6
3,3.91666666666667,295,71.0,5.03037288135593,583.29054054054,51.131186440678,4.39902912621359,2.4406779661017,1.38888888888889,0.0,0.0,0.0138888888888889,82.5
4,4.91666666666667,369,65.0,4.52569105691057,611.240540540541,48.2785907859079,4.2672268907563,2.24661246612466,1.20627261761158,0.0,0.0,0.0096501809408926,25.9
3,3.66666666666667,285,68.0,4.96284210526316,553.954385964912,45.1087719298246,3.42680115273775,2.4280701754386,0.0,0.0,0.0,0.0563583815028902,41.2
4,4.66666666666667,353,63.0,5.36028328611898,613.38418079096,49.1985835694051,3.47945492662474,2.69971671388102,0.0,0.0,0.0,0.0598111227701994,9.6
2,3.16666666666667,365,57.0,5.48643835616438,561.551912568306,48.3695890410959,2.76892980437284,2.41643835616438,0.0,0.0,0.0,0.0170068027210884,37.4
3,4.33333333333333,356,67.0,4.50244382022472,612.128851540616,51.8738764044944,2.95405405405405,2.1938202247191,0.0,0.0,0.0,0.0243277848911652,20.9
3,4.08333333333333,285,76.0,4.98129824561404,581.839160839161,42.4350877192982,2.22555701179554,2.68771929824561,0.0,0.0,0.261096605744125,0.0391644908616188,6.4
4,5.08333333333333,296,64.0,4.12003378378378,569.612794612795,41.7162162162162,2.39184247538678,2.40540540540541,0.0,0.0,0.0,0.023876404494382,22.2
2,3.66666666666667,284,68.0,4.58281690140845,574.582456140351,41.9419014084507,2.90256,2.20070422535211,0.64,0.0,0.0,0.0416,43.7
3,4.66666666666667,303,73.0,4.59184818481848,638.546052631579,46.3927392739274,3.06948148148148,2.21782178217822,0.297619047619048,0.0,0.0,0.0446428571428571,47.0
2,2.83333333333333,315,53.0,4.67142857142857,337.5,37.712380952381,3.19015904572565,3.19047619047619,0.0,0.0,0.0,0.577114427860697,0.0
3,3.83333333333333,411,61.0,4.78043795620438,466.577669902913,38.932603406326,3.57977720651242,2.83941605839416,0.0,0.0,0.0,0.20222793487575,22.6
2,2.75,347,49.0,3.19270893371758,482.120689655172,23.5737752161383,2.29254108723135,2.31123919308357,0.0,0.0,0.0,0.084788029925187,0.0
3,3.91666666666667,315,74.0,3.89761904761905,584.294303797468,30.3552380952381,2.78443113772455,2.12380952380952,0.0,0.0,0.0,0.0224215246636771,22.1
4,5.0,300,74.0,3.60096666666667,597.016611295681,34.7316666666667,2.67667140825036,2.37333333333333,0.0,0.0,0.0,0.0688202247191011,40.1
2,3.16666666666667,361,61.0,4.83229916897507,420.334254143646,39.8002770083102,2.16539325842697,2.46537396121884,1.23595505617978,0.0,0.0,0.0606741573033708,0.0
3,4.33333333333333,413,73.0,4.08883777239709,486.710144927536,40.1133171912833,2.38360655737705,2.22518159806295,1.74102285092492,0.0,0.0,0.0369967355821545,0.0
2,3.08333333333333,286,68.0,4.89695804195804,458.132404181185,39.256993006993,2.05729877216917,2.55594405594406,0.410396716826265,0.0,0.0,0.108071135430917,24.7
3,4.0,314,67.0,4.54003184713376,564.704761904762,43.6828025477707,2.33994528043776,2.32165605095541,0.411522633744856,0.0,0.0,0.037037037037037,11.3
4,5.08333333333333,296,70.0,3.66574324324324,551.888888888889,44.122972972973,2.63251533742331,2.19256756756757,0.154083204930663,0.0,0.0,0.024653312788906,33.4
2,3.08333333333333,260,89.0,5.37876923076923,499.413793103448,41.4353846153846,3.43918053777209,3.00769230769231,4.0920716112532,0.0,0.639386189258312,0.232736572890026,0.0
3,4.08333333333333,317,89.0,4.62239747634069,580.330188679245,42.3403785488959,3.42092746730083,2.64353312302839,7.87589498806683,1.78997613365155,2.14797136038186,0.101431980906921,0.0
2,2.83333333333333,280,60.0,4.46385714285714,426.355871886121,35.0735714285714,3.93271375464684,2.88928571428571,1.23609394313968,0.0,0.0,0.365883807169345,6.4
3,3.75,305,73.0,4.73085245901639,482.934640522876,41.1081967213115,4.83505674653216,2.59672131147541,0.631313131313131,0.0,0.0,0.137626262626263,30.8
4,4.83333333333333,307,63.0,4.36228013029316,485.136363636364,42.2211726384365,5.11611374407583,2.76221498371335,1.17924528301887,0.0,0.0,0.140330188679245,32.1
2,2.83333333333333,302,54.0,5.1237417218543,527.0,42.9562913907285,2.14792973651192,2.63245033112583,0.0,0.0,0.0,0.0515723270440252,15.9
3,3.83333333333333,352,66.0,4.79144886363636,546.628895184136,49.3278409090909,2.37423529411765,2.41193181818182,0.0,0.0,0.0,0.0376914016489988,0.0
4,5.0,286,62.0,4.1301048951049,598.439024390244,52.6744755244755,2.57178002894356,2.41608391608392,0.0,0.0,0.0,0.0318379160636758,62.1
2,3.08333333333333,432,62.0,5.47791666666667,516.480369515012,45.5342592592593,1.60547667342799,3.42592592592593,0.337837837837838,0.0,0.0,0.350675675675676,0.0
3,4.5,395,72.0,5.1140253164557,559.881313131313,51.6658227848101,1.91190476190476,2.86835443037975,1.67696381288614,0.0,0.0,0.12180052956752,15.4
2,3.0,296,67.0,5.55141891891892,471.676767676768,43.8726351351351,3.0022835394862,3.56081081081081,1.80265654648956,0.0,0.0,0.516129032258065,22.2
3,4.0,352,65.0,5.36838068181818,536.167138810198,44.2122159090909,3.21863799283154,3.17897727272727,1.42984807864164,0.0,0.0,0.185880250223414,23.8
2,2.91666666666667,307,69.0,5.24048859934853,450.717532467532,40.9794788273616,2.13584738243123,3.69055374592834,0.0,0.0,0.0,0.455428067078552,0.0
3,3.91666666666667,286,70.0,5.89493006993007,544.581881533101,49.5877622377622,2.28336520076482,3.66083916083916,0.0,0.0,0.0955109837631328,0.188156638013372,20.4
4,4.91666666666667,335,58.0,4.03868656716418,444.327380952381,43.9128358208955,2.07938741721854,3.61194029850746,0.0,4.87603305785124,0.0826446280991736,0.238842975206612,9.9
2,2.75,345,56.0,4.53759420289855,540.063583815029,33.855652173913,3.52767857142857,2.2695652173913,0.893997445721584,2.17113665389527,0.255427841634738,0.0242656449553001,0.0
3,3.91666666666667,313,73.0,4.60913738019169,618.808917197452,45.376357827476,4.19876543209877,2.3258785942492,1.37362637362637,2.88461538461538,0.0,0.0192307692307692,24.6
4,4.91666666666667,315,63.0,3.01314285714286,512.142405063291,37.2057142857143,4.07236842105263,2.16825396825397,0.585651537335286,0.0,0.0,0.0395314787701318,33.5
2,2.66666666666667,377,52.0,4.74973474801061,436.005291005291,36.7111405835544,2.77841011743451,2.9893899204244,0.0,0.0,0.0,0.282165039929015,31.2
3,3.91666666666667,398,73.0,4.70904522613065,511.065162907268,40.9314070351759,2.66272640610105,2.63819095477387,0.0,6.0952380952381,0.0952380952380952,0.0857142857142857,14.2
2,2.75,281,71.0,4.92153024911032,470.957446808511,39.2024911032028,2.0566384180791,2.51957295373665,0.847457627118644,0.0,0.0,0.0663841807909605,0.0
3,3.75,321,66.0,4.94816199376947,540.472049689441,41.7919003115265,1.94329896907216,2.7196261682243,0.687285223367698,0.0,0.0,0.0859106529209622,18.2
2,2.75,288,68.0,5.09375,548.664359861592,41.1770833333333,3.11787175989086,2.5625,0.0,0.0,0.0,0.153116531165312,0.0
3,3.75,308,68.0,4.4349025974026,619.061488673139,42.5909090909091,3.33873744619799,2.25974025974026,0.0,0.0,0.0,0.0387931034482759,0.0
4,4.75,287,68.0,3.32045296167247,577.677083333333,42.4905923344948,3.38906752411576,2.16376306620209,0.0,0.0,0.0,0.0418679549114332,15.8
2,2.75,392,67.0,4.64719387755102,508.122448979592,37.6989795918367,1.59694092827004,2.41326530612245,0.845665961945032,0.0,0.0,0.0771670190274841,28.5
3,4.0,287,74.0,4.57912891986063,564.170138888889,46.5696864111498,1.77074721780604,2.18118466898955,0.319488817891374,0.0,0.0,0.0702875399361022,0.0
2,2.91666666666667,293,68.0,5.7642662116041,514.826530612245,46.8098976109215,3.36720997123682,3.55972696245734,0.0,0.0,0.0,0.4928092042186,30.8
2,2.66666666666667,333,60.0,5.01558558558559,509.25748502994,39.7033033033033,1.64816700610998,2.93993993993994,0.408580183861083,0.102145045965271,0.204290091930541,0.313585291113381,0.0
3,3.83333333333333,288,75.0,5.53145833333333,567.003460207612,46.9003472222222,1.69074889867841,3.14583333333333,0.0,0.0,0.0,0.240618101545254,0.0
2,3.33333333333333,304,79.0,6.11434210526316,529.701639344262,51.0878289473684,2.14827018121911,3.99013157894737,0.0,0.0,0.0,0.311624072547403,31.6
3,4.41666666666667,347,67.0,4.57873198847262,510.58908045977,49.3798270893372,2.13931496649293,3.87608069164265,0.0,0.0,0.0743494423791822,0.356877323420074,44.6
2,3.0,346,60.0,5.22445086705202,522.466858789625,46.3040462427746,2.87066805845511,2.76878612716763,0.0,0.0,0.0,0.127348643006263,30.5
3,4.08333333333333,363,74.0,4.75760330578512,530.901098901099,48.5936639118457,2.79421252371917,2.91460055096419,0.0,0.0,0.0,0.0935727788279773,8.0
2,3.41666666666667,311,73.0,5.71337620578778,558.733974358974,47.0147909967846,4.57452229299363,3.52733118971061,0.0,0.364630811303555,0.0,0.152233363719234,0.0
2,2.83333333333333,285,60.0,4.69129824561403,495.340350877193,39.4722807017544,2.22902338376891,2.54736842105263,0.550964187327824,0.0,0.0,0.126721763085399,0.0
3,3.75,315,58.0,4.13079365079365,543.724683544304,37.3819047619048,2.26544943820225,2.26349206349206,1.12201963534362,0.701262272089762,0.0,0.061711079943899,34.3
2,2.83333333333333,311,71.0,5.12906752411576,538.448717948718,46.0585209003215,2.95693277310924,3.05144694533762,0.0,0.0,0.0,0.0748155953635406,8.6
3,3.83333333333333,296,53.0,5.62820945945946,586.545454545455,51.6297297297297,3.44919908466819,2.94594594594595,0.0,0.0,0.0,0.069954128440367,70.0
2,2.75,327,63.0,4.38599388379205,442.451219512195,33.791131498471,4.01152542372881,2.70336391437309,1.58371040723982,0.0,0.0,0.21606334841629,40.1
3,3.75,316,61.0,4.53022151898734,492.529968454259,40.1835443037975,4.38295454545455,2.77848101265823,0.227790432801822,0.0,0.0,0.159453302961276,50.4
2,3.16666666666667,322,66.0,5.34888198757764,584.095975232198,43.6850931677019,2.90941828254848,3.41925465838509,12.1707538601272,0.0,0.0,0.288828337874659,21.9
3,4.25,325,70.0,3.92384615384615,581.162576687117,43.8187692307692,3.10097192224622,2.85846153846154,11.6254036598493,0.0,0.0,0.119483315392896,34.4
2,2.66666666666667,299,65.0,5.68056856187291,554.576666666667,46.5926421404682,3.03510324483776,3.39464882943144,0.0,0.0,0.0985221674876847,0.187192118226601,0.0
3,3.66666666666667,412,66.0,5.44077669902913,574.491525423729,50.5611650485437,3.04136904761905,3.25970873786408,0.0,0.0,0.0,0.103499627699181,18.4
2,2.75,346,65.0,4.36947976878613,536.472622478386,33.6112716763006,2.76455223880597,3.09826589595376,0.279850746268657,0.0,0.0,0.303171641791045,8.8
3,3.91666666666667,340,91.0,3.58238235294118,566.228739002933,35.3935294117647,3.07697841726619,2.44411764705882,0.601684717208183,0.0,0.0,0.157641395908544,7.3
2,3.41666666666667,295,67.0,5.81566101694915,632.91554054054,48.5742372881356,2.48116469517743,3.72542372881356,0.545950864422202,0.0,0.0,0.363057324840764,23.3
2,3.5,435,69.0,4.80027586206897,569.224770642202,43.0066666666667,2.65363204344874,3.39310344827586,0.5420054200542,0.0,0.0,0.237127371273713,11.1
2,2.91666666666667,369,66.0,5.93371273712737,493.9,50.2615176151762,2.10599144079886,3.79945799457995,0.356633380884451,0.0,0.0,0.37018544935806,0.0
3,4.08333333333333,302,68.0,5.01516556291391,485.788778877888,56.1235099337748,2.2246891651865,3.72185430463576,0.177935943060498,0.0,0.0,0.159252669039146,20.3
2,3.08333333333333,321,36.0,5.01884735202492,531.021739130435,38.7956386292835,3.5344,3.51401869158878,0.886524822695035,0.0,0.0,0.427304964539007,5.4
2,3.16666666666667,361,63.0,4.76257617728532,574.834254143646,40.5096952908587,3.8720041322314,2.68421052631579,0.0,0.103199174406605,0.206398348813209,0.0815273477812178,27.9
2,3.0,309,59.0,4.41964401294498,566.132258064516,39.9692556634304,3.41469002695418,2.39482200647249,0.405405405405405,0.0,0.0,0.17972972972973,7.6
2,2.83333333333333,334,70.0,4.11035928143713,560.005970149254,37.4928143712575,4.80724233983287,2.14071856287425,0.27972027972028,0.0,0.0,0.0181818181818182,0.0
3,3.91666666666667,303,62.0,3.30947194719472,553.042763157895,40.1145214521452,4.71160130718954,2.01980198019802,0.980392156862745,0.0,0.0,0.0179738562091503,41.2
2,3.0,311,68.0,6.34022508038585,576.067307692308,54.2344051446945,3.74977538185085,3.57877813504823,0.988319856244385,0.0,0.0,0.164420485175202,0.0
2,2.91666666666667,466,69.0,4.84907725321888,592.935760171306,46.1815450643777,3.24262981574539,2.56223175965665,1.17252931323283,0.0,0.0,0.0611390284757119,0.0
2,2.66666666666667,322,78.0,5.15642857142857,599.517027863777,44.0012422360248,3.81342857142857,3.2639751552795,0.761179828734538,0.0,0.0,0.235014272121789,8.0
3,3.75,292,60.0,4.86092465753425,594.20819112628,48.7958904109589,4.38062827225131,3.26369863013699,0.734522560335782,0.0,0.0,0.116474291710388,0.0
2,2.83333333333333,319,60.0,6.05868338557994,617.534375,54.7576802507837,2.7918407960199,3.14733542319749,0.697211155378486,0.0,0.0,0.0607569721115538,0.0
2,3.08333333333333,298,66.0,4.2746644295302,345.71237458194,32.9748322147651,3.23589743589744,3.76845637583893,0.0,0.0,0.0,0.983081032947462,21.9
2,2.91666666666667,407,72.0,4.7639312039312,526.014705882353,39.0206388206388,3.7475764354959,3.2972972972973,0.3725782414307,0.0745156482861401,0.0,0.219076005961252,8.8
2,3.25,316,54.0,5.3,611.955835962145,46.6303797468354,3.61208121827411,3.11075949367089,0.406917599186165,0.0,0.0,0.55442522889115,36.0
2,2.83333333333333,321,53.0,4.36105919003115,591.27950310559,38.485046728972,3.37532981530343,2.35202492211838,0.927152317880795,0.0,0.0,0.101986754966887,8.2
2,2.75,371,70.0,4.82118598382749,575.975806451613,39.466576819407,3.16844660194175,2.78167115902965,2.71317829457364,0.0,0.0,0.491279069767442,0.0
2,3.0,322,64.0,5.34888198757764,561.609907120743,48.0180124223602,1.43252148997135,4.34472049689441,0.643316654753395,0.0,0.0,0.314510364546104,0.0
2,2.83333333333333,283,80.0,5.09950530035336,560.098591549296,39.6268551236749,2.93146314631463,3.21908127208481,1.97585071350165,0.0,0.0,0.183315038419319,0.0
3,3.75,249,71.0,3.76987951807229,536.988,39.5855421686747,3.18317757009346,3.02409638554217,3.98406374501992,1.19521912350598,0.929614873837981,0.0584329349269588,5.7
2,2.75,328,53.0,6.06390243902439,543.164133738602,49.9292682926829,3.62350877192982,4.3780487804878,2.15877437325905,0.348189415041783,0.278551532033426,0.532033426183844,25.4
2,3.16666666666667,315,67.0,5.86911111111111,554.474683544304,54.0349206349206,2.92960199004975,3.83492063492064,1.15894039735099,0.0,0.0,0.164735099337748,35.4
2,2.91666666666667,295,59.0,5.38396610169492,606.611486486486,43.1183050847458,3.77465208747515,3.42372881355932,0.0,0.99009900990099,0.792079207920792,0.254455445544554,0.0
2,3.16666666666667,421,62.0,4.51938242280285,539.744075829384,44.4513064133017,2.01488230827639,3.13064133016627,0.758725341426404,0.0,0.0,0.235204855842185,12.0
2,3.0,321,57.0,5.93744548286604,557.639751552795,56.1676012461059,3.36202643171806,3.54205607476635,0.967458223394899,0.0,0.0,0.164467897977133,34.2
2,2.91666666666667,385,60.0,4.57633766233766,447.163212435233,40.7966233766234,2.82498017446471,3.27532467532468,0.0,0.0,0.0,0.639175257731959,0.0
2,3.0,287,70.0,5.36411149825784,583.378472222222,48.6351916376307,2.45665236051502,3.23693379790941,0.0,0.0,0.0,0.161463939720129,8.0
2,3.16666666666667,374,69.0,4.13179144385027,564.637333333333,45.0187165775401,2.45629791894852,2.44117647058824,1.20481927710843,1.53340635268346,3.72398685651698,0.0744797371303395,6.6
2,2.75,301,53.0,5.49382059800664,575.043046357616,48.897342192691,2.44368358913813,2.80730897009967,0.710059171597633,0.0,0.0,0.177514792899408,22.3
2,2.75,319,62.0,5.10473354231975,595.159375,44.5501567398119,2.53973442288049,3.06269592476489,0.307062436028659,0.0,0.0,0.350051177072671,17.6
2,2.83333333333333,350,53.0,5.01271428571429,527.279202279202,44.0071428571429,3.01630522088353,3.55428571428571,0.643086816720257,0.0,0.0,0.709807073954984,60.4
2,3.25,383,52.0,4.65702349869452,574.3203125,55.3026109660574,3.03824091778203,2.73629242819843,0.954198473282443,0.0,0.0,0.0391221374045802,35.5
2,3.0,343,65.0,5.00288629737609,548.587209302326,47.2125364431487,2.69492979719189,3.73760932944606,1.24804992199688,0.0,0.0,0.508580343213729,7.7
2,3.0,368,62.0,3.88057065217391,497.956639566396,38.1391304347826,1.90869061413673,2.34510869565217,0.0,0.0,0.0,0.0498261877172654,33.3
2,3.08333333333333,307,70.0,5.34537459283388,585.902597402597,50.5697068403909,2.77717309145881,4.30944625407166,4.23280423280423,0.0,0.0,0.507180650037793,20.4
2,2.91666666666667,321,53.0,5.25971962616822,561.170807453416,48.1610591900312,3.37241379310345,3.80685358255452,0.572831423895254,0.0,0.0,0.390343698854337,27.8
2,3.0,297,57.0,4.70619528619529,525.805369127517,42.7464646464647,4.27127882599581,3.21885521885522,1.88284518828452,0.0,0.0,0.178870292887029,23.3
2,2.83333333333333,362,64.0,4.1424861878453,507.823691460055,36.9450276243094,2.07243460764588,2.79005524861878,0.0,0.0,0.0,0.195049504950495,11.5
2,2.91666666666667,293,53.0,3.96914675767918,572.901360544218,40.2109215017065,2.12262090483619,2.18430034129693,0.46875,0.0,0.0,0.13125,0.0
2,3.0,299,64.0,5.06003344481605,613.653333333333,47.3224080267559,2.33884156729131,3.92976588628763,0.0,0.0,0.0,0.366808510638298,7.1
2,2.75,299,63.0,3.88963210702341,528.06,34.3939799331104,3.70900621118012,2.25752508361204,10.3703703703704,0.592592592592593,0.0,0.134814814814815,0.0
2,3.0,292,64.0,3.69287671232877,582.682593856655,36.4736301369863,1.81471518987342,2.1541095890411,1.4308426073132,0.0,0.0,0.0620031796502385,26.0
2,3.0,300,63.0,4.83313333333333,571.564784053156,45.0663333333333,4.10915287244401,3.43,0.971817298347911,0.0,0.0,0.295432458697765,22.9
2,2.83333333333333,342,53.0,4.93847953216374,560.486880466472,45.4002923976608,2.03457489878543,3.60818713450292,0.405186385737439,0.0,0.0,0.435980551053485,23.9
2,3.25,300,70.0,3.28366666666667,541.541528239203,35.0403333333333,1.65437003405221,2.98333333333333,15.7541899441341,0.0,0.0,0.192178770949721,0.0
2,3.25,294,68.0,3.96598639455782,500.277966101695,43.6608843537415,3.437,2.71428571428571,0.50125313283208,0.0,0.0,0.195488721804511,6.3
2,2.75,321,60.0,3.97386292834891,524.807453416149,37.2224299065421,2.51727019498607,2.22741433021807,0.55944055944056,0.0,0.0,0.187412587412587,13.6
2,2.91666666666667,396,74.0,4.43229797979798,498.886649874055,46.4583333333333,3.47677224736048,3.3510101010101,0.0,0.150715900527506,0.0,0.381311228334589,0.0
2,3.0,325,63.0,3.89606153846154,441.883435582822,38.6941538461538,3.48914405010438,2.93846153846154,0.523560209424084,0.0,0.0,0.306806282722513,22.9
2,3.16666666666667,300,75.0,3.8741,548.501661129568,49.3563333333333,3.71028037383178,2.5,0.666666666666667,0.0,0.0,0.12,24.9
2,3.08333333333333,372,63.0,5.34688172043011,549.87399463807,59.722311827957,2.17237735849057,3.55376344086022,0.302571860816944,0.0,0.0,0.149016641452345,13.9
2,3.08333333333333,323,69.0,4.42650154798762,631.268518518518,47.569040247678,2.37197197197197,3.08978328173375,0.30060120240481,0.0,0.0,0.0561122244488978,14.1
2,2.83333333333333,321,61.0,4.93445482866044,527.664596273292,47.8417445482866,3.08474747474747,3.09034267912773,2.62096774193548,0.0,0.0,0.123991935483871,11.9
2,2.66666666666667,284,61.0,4.81137323943662,585.224561403509,42.1897887323944,3.24639556377079,3.79929577464789,0.278035217794254,0.0,0.0,0.440222428174235,0.0
2,2.75,403,60.0,4.38315136476427,588.784653465347,43.4181141439206,4.00536028119508,2.87096774193548,5.53154710458081,1.55574762316335,0.345721694036301,0.107173725151253,14.0
2,3.08333333333333,333,62.0,3.55972972972973,488.592814371257,38.0198198198198,4.83791946308725,3.63063063063063,9.7601323407775,2.06782464846981,0.496277915632754,0.368072787427626,5.2
2,2.91666666666667,346,61.0,3.48199421965318,467.939481268012,36.6693641618497,2.54341351660939,2.53179190751445,1.02739726027397,0.114155251141553,0.0,0.100456621004566,23.2
2,3.0,283,59.0,3.94756183745583,531.985915492958,40.4395759717315,4.12047159699893,3.39929328621908,0.0,0.831600831600832,0.0,0.260914760914761,20.2
2,2.91666666666667,299,61.0,4.25147157190635,525.986666666667,43.1294314381271,5.28318584070797,2.74247491638796,14.6341463414634,0.0,0.0,0.0463414634146341,19.5
2,2.91666666666667,305,68.0,3.63173770491803,541.856209150327,40.1052459016393,3.53189415041783,2.35409836065574,0.835654596100279,0.0,0.0,0.084958217270195,17.7
2,2.83333333333333,309,59.0,4.11961165048544,612.51935483871,47.6770226537217,3.63866039952996,2.74757281553398,0.588928150765607,0.0,0.0,0.199057714958775,35.3
